feature_index,mu,sigma
0,2.7101844e-06,0.004165316
1,1.375695e-06,0.0023544047
2,2.4320823e-08,0.002814299
3,1.6532498e-06,0.0038748882
4,3.3772642e-07,0.0017818419
5,-1.0007701e-06,0.0023556186
6,5.7174566e-07,0.0051773866
7,-7.119626e-07,0.0038759767
8,-2.0269954e-06,0.004166988
