{
    "exp_id": "smooth_276",
    "blueprint_id": "smooth_276",
    "experiment_type": "smooth",
    "rho_model": 276,
    "L": 0.207339,
    "N": 114,
    "h": 0.003669724,
    "a": 0.05,
    "b": 0.15,
    "p": 3,
    "rho_eq": 273.50005722501203,
    "Omega": "[-0.207339, 0.207339]^2"
}