{
    "exp_id": "acute_276",
    "gamma_type": "acute",
    "rho_model": 276,
    "L": 0.232258,
    "N": 129,
    "h": 0.003629032,
    "a": 0.075,
    "b": 0.15,
    "p": 3,
    "rho_eq": 276.55557515061867,
    "Omega": "[-0.232258, 0.232258]^2"
}