{
    "exp_id": "smooth_266",
    "gamma_type": "smooth",
    "rho_model": 266,
    "L": 0.207547,
    "N": 111,
    "h": 0.003773585,
    "a": 0.05,
    "b": 0.15,
    "p": 3,
    "rho_eq": 265.9999933750002,
    "Omega": "[-0.207547, 0.207547]^2"
}