{
    "exp_id": "smooth_256",
    "gamma_type": "smooth",
    "rho_model": 256,
    "L": 0.207843,
    "N": 107,
    "h": 0.003921569,
    "a": 0.05,
    "b": 0.15,
    "p": 3,
    "rho_eq": 255.99997577500233,
    "Omega": "[-0.207843, 0.207843]^2"
}